{
  "No Churn": {
    "precision": 0.8941176470588236,
    "recall": 0.7342995169082126,
    "f1-score": 0.8063660477453581,
    "support": 1035.0
  },
  "Churn": {
    "precision": 0.5080500894454383,
    "recall": 0.7593582887700535,
    "f1-score": 0.6087888531618435,
    "support": 374.0
  },
  "accuracy": 0.7409510290986515,
  "macro avg": {
    "precision": 0.701083868252131,
    "recall": 0.7468289028391331,
    "f1-score": 0.7075774504536008,
    "support": 1409.0
  },
  "weighted avg": {
    "precision": 0.7916412336114098,
    "recall": 0.7409510290986515,
    "f1-score": 0.753921852731707,
    "support": 1409.0
  }
}