{
  "No Churn": {
    "precision": 0.8756698821007503,
    "recall": 0.7893719806763285,
    "f1-score": 0.8302845528455285,
    "support": 1035.0
  },
  "Churn": {
    "precision": 0.542016806722689,
    "recall": 0.6898395721925134,
    "f1-score": 0.6070588235294118,
    "support": 374.0
  },
  "accuracy": 0.7629524485450674,
  "macro avg": {
    "precision": 0.7088433444117197,
    "recall": 0.7396057764344209,
    "f1-score": 0.7186716881874702,
    "support": 1409.0
  },
  "weighted avg": {
    "precision": 0.7871061843069994,
    "recall": 0.7629524485450674,
    "f1-score": 0.7710323010611227,
    "support": 1409.0
  }
}