{
    "accuracy": 0.7558552164655784,
    "precision": 0.530241935483871,
    "recall": 0.7032085561497327,
    "f1": 0.6045977011494252,
    "roc_auc": 0.8351481567594099
}