{
  "No Churn": {
    "precision": 0.8784227820372399,
    "recall": 0.77487922705314,
    "f1-score": 0.8234086242299795,
    "support": 1035.0
  },
  "Churn": {
    "precision": 0.530241935483871,
    "recall": 0.7032085561497327,
    "f1-score": 0.6045977011494252,
    "support": 374.0
  },
  "accuracy": 0.7558552164655784,
  "macro avg": {
    "precision": 0.7043323587605554,
    "recall": 0.7390438916014364,
    "f1-score": 0.7140031626897023,
    "support": 1409.0
  },
  "weighted avg": {
    "precision": 0.7860028838037693,
    "recall": 0.7558552164655784,
    "f1-score": 0.7653282230716207,
    "support": 1409.0
  }
}