{
  "No Churn": {
    "precision": 0.8717139852786541,
    "recall": 0.8009661835748793,
    "f1-score": 0.8348439073514602,
    "support": 1035.0
  },
  "Churn": {
    "precision": 0.5502183406113537,
    "recall": 0.6737967914438503,
    "f1-score": 0.6057692307692307,
    "support": 374.0
  },
  "accuracy": 0.7672107877927609,
  "macro avg": {
    "precision": 0.7109661629450039,
    "recall": 0.7373814875093647,
    "f1-score": 0.7203065690603454,
    "support": 1409.0
  },
  "weighted avg": {
    "precision": 0.7863773130958505,
    "recall": 0.7672107877927609,
    "f1-score": 0.7740391315943602,
    "support": 1409.0
  }
}